12256,Automatic,SAM Module Stud,0,0,0
12258,Automatic,P/S Fender Liner Stud,0,0,0
12261,Automatic,Passenger Front Fender Liner/ Mud Flap Stud,0,0,0
12262,Automatic,Fender Well Stud,0,0,0
12263,Automatic,LH Inside Wire Harness Ground,0,0,0
12265,Automatic,Mud Flap Stud IT9 D/S,0,0,0
12267,Manual,Front Stud for Fuel Pump Aux Heater(H12/H13),0,0,0
12268,Manual,Rear Stud for Fuel Pump Aux Heater(H12/H13),0,0,0
10054,Automatic,Heater Pipe (H13),0,0,0
10074,Automatic,Front Fender Liner T5 stud,0,0,0
10117,N/A,Heater Line,0,0,0
10118,Automatic,High pressure AC stud,0,0,0
10132,Automatic,M6 Stud for Fuel Line Clip (Underbody D/S),0,0,0
10136,Automatic,High pressure AC line clip stud,0,0,0
10185,Automatic,Top outside firewall clip stud,0,0,0
10186,Automatic,Wiper hose clip T5 stud,0,0,0
10203,N/A,Inside Firewall Stud,0,0,0
10227,Manual,Vaccuum Canister Stud (bottom),0,0,0
10234,Manual,Aux Heater Stud,0,0,0
10246,Automatic,Extra MM3 Stud,0,0,0
10254,Automatic,Middle Heat Shield Stud,0,0,0
10266,Manual,Underbody Ground (IR6/IR7),0,0,0
10267,Automatic,Underbody Brakeline Stud,0,0,0
10268,Automatic,Rear Brake Line Bracket Stud,0,0,0
10278,Manual,Underbody Ground (IR4),0,0,0
10281,N/A,Wiring Harness Stud,0,0,0
10336,Automatic,Airbag Module Wire Harness Clip,0,0,0
10351,N/A,Fuse Box Stud,0,0,0
12150,Automatic,E2M Battery Ground,0,0,0
12159,Automatic,M8 CockPit Grounding Post,0,0,0
10008,Automatic,Fire Wall Engine Bay,0,0,0
10009,Automatic,High pressure AC line clip,0,0,0
10026,Automatic,Vaccuum Canister Stud (top),0,0,0
10031,Automatic,ECU Bracket Stud,0,0,0
10032,Automatic,Inside Firewall Wire Harness Clip Stud,0,0,0
10041,Automatic,Wire Duct Cover Stud,0,0,0
12162,Automatic,SeatBox Ground Front,0,0,0
10357,Automatic,Wire harness clip stud,0,0,0
10508,Automatic,Front Heat Shield Stud,0,0,0
10138,Automatic,Underbody Wire Harness Stud,0,0,0
10141,Manual,Jack Box Stud,0,0,0
10161,Manual,Aux Heater Stud,0,0,0
10184,Automatic,Top Inside firewall clip stud,0,0,0
10914,Automatic,M6 Stud long member,0,0,0
10509,Automatic,Heat Shield Stud,0,0,0
10567,Manual,F49 Heated Windshield,0,0,0
10609,N/A,Friont Heat Shield Stud,0,0,0
10710,Automatic,R/S Front Wheel Well Wire Harness clip/DEF Hose,0,0,0
10711,Automatic,R/S Front Wheel Well Wire Harness clip/DEF Hose,0,0,0
10814,Automatic,R/S Front Wheel Well Wire Harness clip/DEF Hose,0,0,0
10731,Automatic,T5 Stud for Brake Line Clip( R/S Longmember),0,0,0
10944,Automatic,Aux Battery Bracket for Seatbox,0,0,0
12003,Automatic,Air Box Stud,0,0,0
12004,Automatic,High pressure AC stud,0,0,0
12017,Manual,EB Wire Harness Stud,0,0,0
12038,Automatic,FenderWell Wire Harness Ground,0,0,0
12040,Manual,Airbag Module Ground,0,0,0
12045,N/A,Wire Harness clip stud inside firewall,0,0,0
12145,Automatic,D/S Ground,0,0,0
12057,Automatic,Inside Firewall Wire Harness Clip Stud,0,0,0
12059,Automatic,Aux Battery M8 Ground,0,0,0
12083,Automatic,M6 Stud seat box seatbox bracket,0,0,0
12084,Automatic,Seatbox wire harness stud,0,0,0
12091,N/A,E-Brake Cable,0,0,0
12115,Automatic,Fender Well Bracket Stud,0,0,0
12121,Automatic,Rear Heater Pipe Stud H13,0,0,0
12122,Automatic,Heat Pipe Lower Stud,0,0,0
12123,Automatic,Lower AC Line Clip,0,0,0
12124,N/A,A/C Line Stud,0,0,0
12132,Automatic,Wire Harness Stud,0,0,0
12149,Automatic,R/S Cockpit Ground Stud,0,0,0
12163,Automatic,SeatBox Ground Middle,0,0,0
12164,Automatic,SeatBox Ground Rear,0,0,0
12165,Automatic,P/S Inside Wire Harness Ground,0,0,0
12185,Manual,Front Wiring Harness Ground (Engine Bay),0,0,0
12186,Automatic,Battery Ground,0,0,0
12187,Automatic,CPC Module Bracket Stud,0,0,0
12189,Automatic,JW0 Back-up Alarm Ground,0,0,0
12190,Automatic,JW0 Back-up Alarm Ground,0,0,0
12217,Automatic,Headlight Leveling Bracket,0,0,0
12218,Automatic,Headlight Leveling Bracket,0,0,0
12230,Automatic,D/S Fender Liner Stud,0,0,0
12231,Automatic,D/S Fender Liner Stud,0,0,0
12238,N/A,Inner Fender Wall Stud,0,0,0
12244,Automatic,Engine Bay Fuel Clip stud MM3 ,0,0,0
12249,Automatic,High Power A/C Line Stud,0,0,0
12252,Automatic,AC Line Stud,0,0,0
12279,Manual,Fuel Line Clip (MM1/MM3 only),0,0,0
12333,N/A,Aux fuel line clip stud,0,0,0
12335,Manual,Washer Bottle Stud,0,0,0
12520,Manual,ECU Ground,0,0,0
12541,Automatic,Outside Rear P/S Mudflap Stud,0,0,0
12549,N/A,T5 D/S Front Firewall,0,0,0